ID,date,newdate,depthcode,biosil,den,oxygen,temp,sal
C1,Dec 05 1994 12:00:00:000AM,12/5/1994,S,1.8840,21.4110,8.9591,9.3433,27.7670
C1,Dec 05 1994 12:00:00:000AM,12/5/1994,S,1.8840,21.4110,8.9591,9.3433,27.7670
C1,Jan 04 1995 12:00:00:000AM,1/4/1995,S,1.2310,21.7756,9.9304,5.4838,27.6120
C1,Jan 04 1995 12:00:00:000AM,1/4/1995,S,1.2310,21.7756,9.9304,5.4838,27.6120
C1,Feb 08 1995 12:00:00:000AM,2/8/1995,S,1.2700,21.7146,,1.9270,27.1779
C1,Feb 08 1995 12:00:00:000AM,2/8/1995,S,1.2700,21.7146,,1.9270,27.1779
C1,Mar 06 1995 12:00:00:000AM,3/6/1995,S,1.2900,21.6279,10.7983,2.3540,27.1008
C1,Mar 06 1995 12:00:00:000AM,3/6/1995,S,1.2900,21.6279,10.7983,2.3540,27.1008
C1,Apr 03 1995 12:00:00:000AM,4/3/1995,S,0.3575,21.3379,10.3430,4.8657,26.9815
C1,Apr 03 1995 12:00:00:000AM,4/3/1995,S,0.3575,21.3379,10.3430,4.8657,26.9815
C1,May 05 1995 12:00:00:000AM,5/5/1995,S,0.4125,20.0525,9.7312,11.2009,26.3952
C1,May 05 1995 12:00:00:000AM,5/5/1995,S,0.4125,20.0525,9.7312,11.2009,26.3952
C1,Jun 02 1995 12:00:00:000AM,6/2/1995,S,0.3180,19.1524,10.3023,16.2881,26.4898
C1,Jun 02 1995 12:00:00:000AM,6/2/1995,S,0.3180,19.1524,10.3023,16.2881,26.4898
C1,Nov 01 1995 12:00:00:000AM,11/1/1995,S,0.5900,,,,
C1,Nov 01 1995 12:00:00:000AM,11/1/1995,S,0.5900,,,,
C1,Dec 04 1995 12:00:00:000AM,12/4/1995,S,0.5110,,,,
C1,Dec 04 1995 12:00:00:000AM,12/4/1995,S,0.5110,,,,
C1,Feb 06 1996 12:00:00:000AM,2/6/1996,S,0.3440,,,,
C1,Feb 06 1996 12:00:00:000AM,2/6/1996,S,0.3440,,,,
C1,Mar 05 1996 12:00:00:000AM,3/5/1996,S,1.3520,,,,
C1,Mar 05 1996 12:00:00:000AM,3/5/1996,S,1.3520,,,,
C1,Nov 01 1995 12:00:00:000AM,11/1/1995,S,0.5970,21.1633,7.6748,13.1769,28.2833
C1,Nov 01 1995 12:00:00:000AM,11/1/1995,S,0.5970,21.1633,7.6748,13.1769,28.2833
C1,Dec 04 1995 12:00:00:000AM,12/4/1995,S,0.5610,21.6502,9.3799,8.0671,27.8426
C1,Dec 04 1995 12:00:00:000AM,12/4/1995,S,0.5610,21.6502,9.3799,8.0671,27.8426
C1,Feb 06 1996 12:00:00:000AM,2/6/1996,S,1.4840,21.0901,13.0136,-0.2625,26.2938
C1,Feb 06 1996 12:00:00:000AM,2/6/1996,S,1.4840,21.0901,13.0136,-0.2625,26.2938
C1,Mar 05 1996 12:00:00:000AM,3/5/1996,S,0.7140,21.1800,12.8500,0.8200,26.4500
C1,Mar 05 1996 12:00:00:000AM,3/5/1996,S,0.7140,21.1800,12.8500,0.8200,26.4500
C1,Jul 23 1996 12:00:00:000AM,7/23/1996,S,0.2580,,,,
C1,Jul 23 1996 12:00:00:000AM,7/23/1996,S,0.2580,,,,
C1,May 09 1996 12:00:00:000AM,5/9/1996,S,0.3930,18.4398,10.8018,11.0948,24.2938
C1,May 09 1996 12:00:00:000AM,5/9/1996,S,0.3930,18.4398,10.8018,11.0948,24.2938
C1,Jun 03 1996 12:00:00:000AM,6/3/1996,S,0.8180,18.3756,,14.1143,24.8990
C1,Jun 03 1996 12:00:00:000AM,6/3/1996,S,0.8180,18.3756,,14.1143,24.8990
C1,Jun 25 1996 12:00:00:000AM,6/25/1996,S,,17.3081,8.7915,18.7163,24.7938
C1,Jun 25 1996 12:00:00:000AM,6/25/1996,S,,17.3081,8.7915,18.7163,24.7938
C1,Jul 08 1996 12:00:00:000AM,7/8/1996,S,0.3140,17.1451,9.2176,19.6833,24.8854
C1,Jul 08 1996 12:00:00:000AM,7/8/1996,S,0.3140,17.1451,9.2176,19.6833,24.8854
C1,Jul 23 1996 12:00:00:000AM,7/23/1996,S,,17.2320,9.3519,19.6967,25.0041
C1,Jul 23 1996 12:00:00:000AM,7/23/1996,S,,17.2320,9.3519,19.6967,25.0041
C1,Aug 05 1996 12:00:00:000AM,8/5/1996,S,1.1760,16.2678,13.1197,23.8893,25.1918
C1,Aug 05 1996 12:00:00:000AM,8/5/1996,S,1.1760,16.2678,13.1197,23.8893,25.1918
C1,Aug 20 1996 12:00:00:000AM,8/20/1996,S,,16.8103,8.9322,22.6966,25.4726
C1,Aug 20 1996 12:00:00:000AM,8/20/1996,S,,16.8103,8.9322,22.6966,25.4726
C1,Sep 03 1996 12:00:00:000AM,9/3/1996,S,0.3550,17.0152,6.6228,23.8214,26.1577
C1,Sep 03 1996 12:00:00:000AM,9/3/1996,S,0.3550,17.0152,6.6228,23.8214,26.1577
C1,Oct 01 1996 12:00:00:000AM,10/1/1996,S,0.5700,18.6082,7.0906,18.6323,26.4750
C1,Oct 01 1996 12:00:00:000AM,10/1/1996,S,0.5700,18.6082,7.0906,18.6323,26.4750
C1,Mar 03 1997 12:00:00:000AM,3/3/1997,S,0.5600,,,,
C1,Mar 03 1997 12:00:00:000AM,3/3/1997,S,0.5600,,,,
C1,Dec 02 1996 12:00:00:000AM,12/2/1996,S,0.6890,19.9002,9.3546,8.3182,25.6495
C1,Dec 02 1996 12:00:00:000AM,12/2/1996,S,0.6890,19.9002,9.3546,8.3182,25.6495
C1,Feb 03 1997 12:00:00:000AM,2/3/1997,S,0.3600,19.6447,11.6742,2.1764,24.6049
C1,Feb 03 1997 12:00:00:000AM,2/3/1997,S,0.3600,19.6447,11.6742,2.1764,24.6049
C1,Mar 03 1997 12:00:00:000AM,3/3/1997,S,1.7460,19.4735,14.3515,3.4483,24.4857
C1,Mar 03 1997 12:00:00:000AM,3/3/1997,S,1.7460,19.4735,14.3515,3.4483,24.4857
C1,Apr 02 1997 12:00:00:000AM,4/2/1997,S,0.2580,19.3317,10.7864,5.7972,24.5549
C1,Apr 02 1997 12:00:00:000AM,4/2/1997,S,0.2580,19.3317,10.7864,5.7972,24.5549
C1,Aug 19 1997 12:00:00:000AM,8/19/1997,S,1.2800,,,,
C1,Aug 19 1997 12:00:00:000AM,8/19/1997,S,1.2800,,,,
C1,Jun 02 1997 12:00:00:000AM,6/2/1997,S,1.0580,18.4466,10.3356,14.0136,24.9661
C1,Jun 02 1997 12:00:00:000AM,6/2/1997,S,1.0580,18.4466,10.3356,14.0136,24.9661
C1,Jun 27 1997 12:00:00:000AM,6/27/1997,S,,17.2264,9.9056,19.0279,24.7837
C1,Jun 27 1997 12:00:00:000AM,6/27/1997,S,,17.2264,9.9056,19.0279,24.7837
C1,Aug 04 1997 12:00:00:000AM,8/4/1997,S,0.2780,17.0912,8.6690,22.1318,25.6425
C1,Aug 04 1997 12:00:00:000AM,8/4/1997,S,0.2780,17.0912,8.6690,22.1318,25.6425
C1,Aug 19 1997 12:00:00:000AM,8/19/1997,S,,17.8763,7.5112,21.7906,26.5601
C1,Aug 19 1997 12:00:00:000AM,8/19/1997,S,,17.8763,7.5112,21.7906,26.5601
C1,Sep 02 1997 12:00:00:000AM,9/2/1997,S,0.2800,17.9458,6.3824,21.7196,26.6269
C1,Sep 02 1997 12:00:00:000AM,9/2/1997,S,0.2800,17.9458,6.3824,21.7196,26.6269
C1,Oct 06 1997 12:00:00:000AM,10/6/1997,S,0.6730,18.9115,8.3231,18.9479,26.9726
C1,Oct 06 1997 12:00:00:000AM,10/6/1997,S,0.6730,18.9115,8.3231,18.9479,26.9726
C1,Nov 03 1997 12:00:00:000AM,11/3/1997,S,0.7410,20.4946,8.1117,14.5094,27.7539
C1,Nov 03 1997 12:00:00:000AM,11/3/1997,S,0.7410,20.4946,8.1117,14.5094,27.7539
C1,Dec 04 1997 12:00:00:000AM,12/4/1997,S,0.7880,21.8511,8.9312,7.8223,28.0574
C1,Dec 04 1997 12:00:00:000AM,12/4/1997,S,0.7880,21.8511,8.9312,7.8223,28.0574
C1,Jan 05 1998 12:00:00:000AM,1/5/1998,S,0.7910,21.7428,9.3653,4.8169,27.4873
C1,Jan 05 1998 12:00:00:000AM,1/5/1998,S,0.7910,21.7428,9.3653,4.8169,27.4873
C1,Feb 02 1998 12:00:00:000AM,2/2/1998,S,0.7390,21.2537,8.5608,3.3952,26.7198
C1,Feb 02 1998 12:00:00:000AM,2/2/1998,S,0.7390,21.2537,8.5608,3.3952,26.7198
C1,Feb 19 1998 12:00:00:000AM,2/19/1998,S,,20.5893,9.7092,3.7203,25.9147
C1,Feb 19 1998 12:00:00:000AM,2/19/1998,S,,20.5893,9.7092,3.7203,25.9147
C1,Feb 27 1998 12:00:00:000AM,2/27/1998,S,1.5330,20.5284,11.9003,4.6307,25.9319
C1,Feb 27 1998 12:00:00:000AM,2/27/1998,S,1.5330,20.5284,11.9003,4.6307,25.9319
C1,Mar 24 1998 12:00:00:000AM,3/24/1998,S,,20.1479,10.0692,4.2442,25.4104
C1,Mar 24 1998 12:00:00:000AM,3/24/1998,S,,20.1479,10.0692,4.2442,25.4104
C1,Jun 01 1998 12:00:00:000AM,6/1/1998,S,0.3400,,,,
C1,Jun 01 1998 12:00:00:000AM,6/1/1998,S,0.3400,,,,
C1,Jun 01 1998 12:00:00:000AM,6/1/1998,S,0.7320,17.1215,8.7827,17.2046,24.0959
C1,Jun 01 1998 12:00:00:000AM,6/1/1998,S,0.7320,17.1215,8.7827,17.2046,24.0959
C1,Jun 24 1998 12:00:00:000AM,6/24/1998,S,,16.7362,12.5683,20.4341,24.5921
C1,Jun 24 1998 12:00:00:000AM,6/24/1998,S,,16.7362,12.5683,20.4341,24.5921
C1,Jul 06 1998 12:00:00:000AM,7/6/1998,S,0.2760,16.6943,9.8027,20.9042,24.6939
C1,Jul 06 1998 12:00:00:000AM,7/6/1998,S,0.2760,16.6943,9.8027,20.9042,24.6939
C1,Jul 21 1998 12:00:00:000AM,7/21/1998,S,,16.8112,8.9690,22.2872,25.3273
C1,Jul 21 1998 12:00:00:000AM,7/21/1998,S,,16.8112,8.9690,22.2872,25.3273
C1,Aug 03 1998 12:00:00:000AM,8/3/1998,S,0.4840,16.6732,7.3075,22.8934,25.3622
C1,Aug 03 1998 12:00:00:000AM,8/3/1998,S,0.4840,16.6732,7.3075,22.8934,25.3622
C1,Aug 17 1998 12:00:00:000AM,8/17/1998,S,,16.6808,7.1972,23.4975,25.5935
C1,Aug 17 1998 12:00:00:000AM,8/17/1998,S,,16.6808,7.1972,23.4975,25.5935
C1,Aug 31 1998 12:00:00:000AM,8/31/1998,S,1.2840,16.8074,6.6469,23.8812,25.9044
C1,Aug 31 1998 12:00:00:000AM,8/31/1998,S,1.2840,16.8074,6.6469,23.8812,25.9044
C1,Sep 15 1998 12:00:00:000AM,9/15/1998,S,,17.5420,7.5493,22.4441,26.3502
C1,Sep 15 1998 12:00:00:000AM,9/15/1998,S,,17.5420,7.5493,22.4441,26.3502
C1,Oct 05 1998 12:00:00:000AM,10/5/1998,S,0.7030,18.8400,6.1300,19.8300,27.1600
C1,Oct 05 1998 12:00:00:000AM,10/5/1998,S,0.7030,18.8400,6.1300,19.8300,27.1600
C1,Nov 04 1998 12:00:00:000AM,11/4/1998,S,0.7040,20.1754,7.5753,14.1583,27.2483
C1,Nov 04 1998 12:00:00:000AM,11/4/1998,S,0.7040,20.1754,7.5753,14.1583,27.2483
C1,Sep 15 1998 12:00:00:000AM,9/15/1998,S,0.7230,,,,
C1,Sep 15 1998 12:00:00:000AM,9/15/1998,S,0.7230,,,,
C1,Jan 05 1999 12:00:00:000AM,1/5/1999,S,0.6540,21.8559,10.2630,3.7545,27.5123
C1,Jan 05 1999 12:00:00:000AM,1/5/1999,S,0.6540,21.8559,10.2630,3.7545,27.5123
C1,Feb 01 1999 12:00:00:000AM,2/1/1999,S,0.5900,21.2984,10.2335,3.0720,26.7466
C1,Feb 01 1999 12:00:00:000AM,2/1/1999,S,0.5900,21.2984,10.2335,3.0720,26.7466
C1,Feb 16 1999 12:00:00:000AM,2/16/1999,S,,20.7299,10.8402,3.2524,26.0484
C1,Feb 16 1999 12:00:00:000AM,2/16/1999,S,,20.7299,10.8402,3.2524,26.0484
C1,Mar 03 1999 12:00:00:000AM,3/3/1999,S,1.3620,21.0024,11.0867,2.7896,26.3512
C1,Mar 03 1999 12:00:00:000AM,3/3/1999,S,1.3620,21.0024,11.0867,2.7896,26.3512
C1,Mar 25 1999 12:00:00:000AM,3/25/1999,S,,20.4289,10.0210,4.4006,25.7812
C1,Mar 25 1999 12:00:00:000AM,3/25/1999,S,,20.4289,10.0210,4.4006,25.7812
C1,Apr 05 1999 12:00:00:000AM,4/5/1999,S,0.1840,19.9120,9.1924,7.2963,25.5008
C1,Apr 05 1999 12:00:00:000AM,4/5/1999,S,0.1840,19.9120,9.1924,7.2963,25.5008
C1,May 05 1999 12:00:00:000AM,5/5/1999,S,0.5600,19.1938,9.0292,12.2985,25.5274
C1,May 05 1999 12:00:00:000AM,5/5/1999,S,0.5600,19.1938,9.0292,12.2985,25.5274
C1,Jun 01 1999 12:00:00:000AM,6/1/1999,S,0.3970,17.4060,10.9460,17.7933,24.6416
C1,Jun 01 1999 12:00:00:000AM,6/1/1999,S,0.3970,17.4060,10.9460,17.7933,24.6416
C1,Jun 22 1999 12:00:00:000AM,6/22/1999,S,,17.4368,8.9791,21.0303,25.7166
C1,Jun 22 1999 12:00:00:000AM,6/22/1999,S,,17.4368,8.9791,21.0303,25.7166
C1,Jul 06 1999 12:00:00:000AM,7/6/1999,S,0.4890,17.6437,7.3751,21.0509,25.9967
C1,Jul 06 1999 12:00:00:000AM,7/6/1999,S,0.4890,17.6437,7.3751,21.0509,25.9967
C1,Jul 20 1999 12:00:00:000AM,7/20/1999,S,,17.6097,8.1116,22.5677,26.4843
C1,Jul 20 1999 12:00:00:000AM,7/20/1999,S,,17.6097,8.1116,22.5677,26.4843
C1,Aug 02 1999 12:00:00:000AM,8/2/1999,S,0.3120,17.4369,7.0255,24.2074,26.8629
C1,Aug 02 1999 12:00:00:000AM,8/2/1999,S,0.3120,17.4369,7.0255,24.2074,26.8629
C1,Aug 17 1999 12:00:00:000AM,8/17/1999,S,,17.8937,7.5082,23.9118,27.3568
C1,Aug 17 1999 12:00:00:000AM,8/17/1999,S,,17.8937,7.5082,23.9118,27.3568
C1,Aug 31 1999 12:00:00:000AM,8/31/1999,S,1.1860,18.5082,7.0321,22.3778,27.6041
C1,Aug 31 1999 12:00:00:000AM,8/31/1999,S,1.1860,18.5082,7.0321,22.3778,27.6041
C1,Sep 28 1999 12:00:00:000AM,9/28/1999,S,0.6970,18.5145,11.2762,20.4338,26.9358
C1,Sep 28 1999 12:00:00:000AM,9/28/1999,S,0.6970,18.5145,11.2762,20.4338,26.9358
C1,Jun 22 1999 12:00:00:000AM,6/22/1999,S,0.7660,,,,
C1,Jun 22 1999 12:00:00:000AM,6/22/1999,S,0.7660,,,,
C1,Dec 06 1999 12:00:00:000AM,12/6/1999,S,0.6510,21.2399,8.7346,9.8486,27.6453
C1,Dec 06 1999 12:00:00:000AM,12/6/1999,S,0.6510,21.2399,8.7346,9.8486,27.6453
C1,Jan 06 2000 12:00:00:000AM,1/6/2000,S,0.7300,21.6079,9.7266,5.6045,27.4155
C1,Jan 06 2000 12:00:00:000AM,1/6/2000,S,0.7300,21.6079,9.7266,5.6045,27.4155
C1,Feb 03 2000 12:00:00:000AM,2/3/2000,S,0.7370,22.2270,10.8200,0.6212,27.7392
C1,Feb 03 2000 12:00:00:000AM,2/3/2000,S,0.7370,22.2270,10.8200,0.6212,27.7392
C1,Feb 16 2000 12:00:00:000AM,2/16/2000,S,,22.1847,11.7871,1.0064,27.7067
C1,Feb 16 2000 12:00:00:000AM,2/16/2000,S,,22.1847,11.7871,1.0064,27.7067
C1,Mar 01 2000 12:00:00:000AM,3/1/2000,S,2.0340,21.9811,13.5011,2.6268,27.5651
C1,Mar 01 2000 12:00:00:000AM,3/1/2000,S,2.0340,21.9811,13.5011,2.6268,27.5651
C1,Mar 15 2000 12:00:00:000AM,3/15/2000,S,,21.4751,12.6659,4.4162,27.1031
C1,Mar 15 2000 12:00:00:000AM,3/15/2000,S,,21.4751,12.6659,4.4162,27.1031
C1,Apr 03 2000 12:00:00:000AM,4/3/2000,S,0.4700,21.3111,10.0301,6.2283,27.1241
C1,Apr 03 2000 12:00:00:000AM,4/3/2000,S,0.4700,21.3111,10.0301,6.2283,27.1241
C1,May 01 2000 12:00:00:000AM,5/1/2000,S,0.6880,19.7793,11.1682,10.5943,25.9171
C1,May 01 2000 12:00:00:000AM,5/1/2000,S,0.6880,19.7793,11.1682,10.5943,25.9171
C1,Jun 01 2000 12:00:00:000AM,6/1/2000,S,1.1310,18.3561,9.1169,16.1804,25.4196
C1,Jun 01 2000 12:00:00:000AM,6/1/2000,S,1.1310,18.3561,9.1169,16.1804,25.4196
C1,Jun 22 2000 12:00:00:000AM,6/22/2000,S,,17.0654,10.7017,19.5468,24.7366
C1,Jun 22 2000 12:00:00:000AM,6/22/2000,S,,17.0654,10.7017,19.5468,24.7366
C1,Jul 05 2000 12:00:00:000AM,7/5/2000,S,0.3520,17.7664,8.8232,20.2872,25.9012
C1,Jul 05 2000 12:00:00:000AM,7/5/2000,S,0.3520,17.7664,8.8232,20.2872,25.9012
C1,Jul 18 2000 12:00:00:000AM,7/18/2000,S,,17.7765,7.4728,21.3296,26.2677
C1,Jul 18 2000 12:00:00:000AM,7/18/2000,S,,17.7765,7.4728,21.3296,26.2677
C1,Jul 31 2000 12:00:00:000AM,7/31/2000,S,1.2330,16.7387,8.6115,22.1907,25.1972
C1,Jul 31 2000 12:00:00:000AM,7/31/2000,S,1.2330,16.7387,8.6115,22.1907,25.1972
C1,Aug 15 2000 12:00:00:000AM,8/15/2000,S,,16.9802,6.4105,22.2094,25.5232
C1,Aug 15 2000 12:00:00:000AM,8/15/2000,S,,16.9802,6.4105,22.2094,25.5232
C1,Aug 29 2000 12:00:00:000AM,8/29/2000,S,1.5480,17.4782,8.5036,22.1382,26.1567
C1,Aug 29 2000 12:00:00:000AM,8/29/2000,S,1.5480,17.4782,8.5036,22.1382,26.1567
C1,Oct 02 2000 12:00:00:000AM,10/2/2000,S,0.6170,18.6385,6.6492,19.3016,26.7269
C1,Oct 02 2000 12:00:00:000AM,10/2/2000,S,0.6170,18.6385,6.6492,19.3016,26.7269
C1,Nov 08 2000 12:00:00:000AM,11/8/2000,S,0.4760,20.4217,8.2144,13.3683,27.3696
C1,Nov 08 2000 12:00:00:000AM,11/8/2000,S,0.4760,20.4217,8.2144,13.3683,27.3696
C1,Dec 04 2000 12:00:00:000AM,12/4/2000,S,0.4700,21.4371,9.4684,7.6154,27.4951
C1,Dec 04 2000 12:00:00:000AM,12/4/2000,S,0.4700,21.4371,9.4684,7.6154,27.4951
C1,Jan 08 2001 12:00:00:000AM,1/8/2001,S,1.1660,21.9216,11.7252,1.9655,27.4394
C1,Jan 08 2001 12:00:00:000AM,1/8/2001,S,1.1660,21.9216,11.7252,1.9655,27.4394
C1,Jun 01 2000 12:00:00:000AM,6/1/2000,S,1.1580,,,1.7152,
C1,Jun 01 2000 12:00:00:000AM,6/1/2000,S,1.1580,,,1.7152,
C1,Mar 01 2001 12:00:00:000AM,3/1/2001,S,0.6000,21.6527,13.3681,1.7935,27.0914
C1,Mar 01 2001 12:00:00:000AM,3/1/2001,S,0.6000,21.6527,13.3681,1.7935,27.0914
C1,Apr 03 2001 12:00:00:000AM,4/3/2001,S,0.6780,20.5062,9.9984,4.5760,25.8978
C1,Apr 03 2001 12:00:00:000AM,4/3/2001,S,0.6780,20.5062,9.9984,4.5760,25.8978
C1,Jul 18 2000 12:00:00:000AM,7/18/2000,S,0.7700,,,,
C1,Jul 18 2000 12:00:00:000AM,7/18/2000,S,0.7700,,,,
C1,Jun 04 2001 12:00:00:000AM,6/4/2001,S,0.6460,18.1732,9.8924,16.1006,25.1586
C1,Jun 04 2001 12:00:00:000AM,6/4/2001,S,0.6460,18.1732,9.8924,16.1006,25.1586
C1,Jun 21 2001 12:00:00:000AM,6/21/2001,S,,16.9510,9.4891,20.8206,25.0045
C1,Jun 21 2001 12:00:00:000AM,6/21/2001,S,,16.9510,9.4891,20.8206,25.0045
C1,Jul 06 2001 12:00:00:000AM,7/6/2001,S,0.9230,17.6746,10.7529,20.3701,25.8078
C1,Jul 06 2001 12:00:00:000AM,7/6/2001,S,0.9230,17.6746,10.7529,20.3701,25.8078
C1,Jul 24 2001 12:00:00:000AM,7/24/2001,S,,17.7641,6.6796,21.6690,26.3692
C1,Jul 24 2001 12:00:00:000AM,7/24/2001,S,,17.7641,6.6796,21.6690,26.3692
C1,Aug 06 2001 12:00:00:000AM,8/6/2001,S,0.2850,17.1931,8.2089,23.6106,26.3148
C1,Aug 06 2001 12:00:00:000AM,8/6/2001,S,0.2850,17.1931,8.2089,23.6106,26.3148
C1,Aug 20 2001 12:00:00:000AM,8/20/2001,S,,17.3239,8.3816,23.9734,26.7362
C1,Aug 20 2001 12:00:00:000AM,8/20/2001,S,,17.3239,8.3816,23.9734,26.7362
C1,Sep 04 2001 12:00:00:000AM,9/4/2001,S,0.8950,17.9739,8.0805,22.8210,27.0581
C1,Sep 04 2001 12:00:00:000AM,9/4/2001,S,0.8950,17.9739,8.0805,22.8210,27.0581
C1,Sep 24 2001 12:00:00:000AM,9/24/2001,S,,18.1306,11.2184,22.1408,27.0201
C1,Sep 24 2001 12:00:00:000AM,9/24/2001,S,,18.1306,11.2184,22.1408,27.0201
C1,Oct 02 2001 12:00:00:000AM,10/2/2001,S,1.3260,19.1563,9.4584,19.3433,27.4208
C1,Oct 02 2001 12:00:00:000AM,10/2/2001,S,1.3260,19.1563,9.4584,19.3433,27.4208
C1,Nov 08 2001 12:00:00:000AM,11/8/2001,S,0.9560,21.4314,8.1933,13.6412,28.7463
C1,Nov 08 2001 12:00:00:000AM,11/8/2001,S,0.9560,21.4314,8.1933,13.6412,28.7463
C1,Dec 03 2001 12:00:00:000AM,12/3/2001,S,0.4420,21.6122,7.8081,11.7399,28.5246
C1,Dec 03 2001 12:00:00:000AM,12/3/2001,S,0.4420,21.6122,7.8081,11.7399,28.5246
C1,Jan 11 2002 12:00:00:000AM,1/11/2002,S,0.7580,22.6551,11.1592,4.7399,28.6302
C1,Jan 11 2002 12:00:00:000AM,1/11/2002,S,0.7580,22.6551,11.1592,4.7399,28.6302
C1,Feb 04 2002 12:00:00:000AM,2/4/2002,S,1.3810,23.0243,10.8274,4.3804,29.0529
C1,Feb 04 2002 12:00:00:000AM,2/4/2002,S,1.3810,23.0243,10.8274,4.3804,29.0529
C1,Feb 19 2002 12:00:00:000AM,2/19/2002,S,,22.9328,12.1775,4.3282,28.9314
C1,Feb 19 2002 12:00:00:000AM,2/19/2002,S,,22.9328,12.1775,4.3282,28.9314
C1,Mar 01 2002 12:00:00:000AM,3/1/2002,S,1.3120,22.7617,11.3549,4.9172,28.7867
C1,Mar 01 2002 12:00:00:000AM,3/1/2002,S,1.3120,22.7617,11.3549,4.9172,28.7867
C1,Mar 21 2002 12:00:00:000AM,3/21/2002,S,,22.4542,9.9737,5.6196,28.4894
C1,Mar 21 2002 12:00:00:000AM,3/21/2002,S,,22.4542,9.9737,5.6196,28.4894
C1,Apr 02 2002 12:00:00:000AM,4/2/2002,S,0.5700,22.3845,10.0676,6.4224,28.5148
C1,Apr 02 2002 12:00:00:000AM,4/2/2002,S,0.5700,22.3845,10.0676,6.4224,28.5148
C1,May 06 2002 12:00:00:000AM,5/6/2002,S,1.2060,20.9523,9.5243,11.5516,27.6314
C1,May 06 2002 12:00:00:000AM,5/6/2002,S,1.2060,20.9523,9.5243,11.5516,27.6314
C1,Jun 04 2002 12:00:00:000AM,6/4/2002,S,0.3010,19.1977,8.1965,17.7344,26.9719
C1,Jun 04 2002 12:00:00:000AM,6/4/2002,S,0.3010,19.1977,8.1965,17.7344,26.9719
C1,Jun 26 2002 12:00:00:000AM,6/26/2002,S,,18.1821,8.4467,21.2930,26.7904
C1,Jun 26 2002 12:00:00:000AM,6/26/2002,S,,18.1821,8.4467,21.2930,26.7904
C1,Jul 08 2002 12:00:00:000AM,7/8/2002,S,0.4170,17.9484,7.3814,21.9612,26.7155
C1,Jul 08 2002 12:00:00:000AM,7/8/2002,S,0.4170,17.9484,7.3814,21.9612,26.7155
C1,Jul 22 2002 12:00:00:000AM,7/22/2002,S,,17.9939,6.5624,22.9093,27.1168
C1,Jul 22 2002 12:00:00:000AM,7/22/2002,S,,17.9939,6.5624,22.9093,27.1168
C1,Aug 05 2002 12:00:00:000AM,8/5/2002,S,0.2510,18.3545,10.2892,22.5639,27.4681
C1,Aug 05 2002 12:00:00:000AM,8/5/2002,S,0.2510,18.3545,10.2892,22.5639,27.4681
C1,Sep 09 2002 12:00:00:000AM,9/9/2002,S,1.3660,18.5399,,22.5126,27.6947
C1,Sep 09 2002 12:00:00:000AM,9/9/2002,S,1.3660,18.5399,,22.5126,27.6947
C1,Sep 24 2001 12:00:00:000AM,9/24/2001,S,0.4970,,7.7385,,
C1,Sep 24 2001 12:00:00:000AM,9/24/2001,S,0.4970,,7.7385,,
C1,Nov 05 2002 12:00:00:000AM,11/5/2002,S,0.5050,20.8696,8.0808,12.0172,27.6291
C1,Nov 05 2002 12:00:00:000AM,11/5/2002,S,0.5050,20.8696,8.0808,12.0172,27.6291
C1,Dec 09 2002 12:00:00:000AM,12/9/2002,S,0.4430,22.0345,12.6030,6.1556,28.0319
C1,Dec 09 2002 12:00:00:000AM,12/9/2002,S,0.4430,22.0345,12.6030,6.1556,28.0319
C1,Jan 28 2003 12:00:00:000AM,1/28/2003,S,1.7330,22.4279,11.4460,-0.1858,27.9545
C1,Jan 28 2003 12:00:00:000AM,1/28/2003,S,1.7330,22.4279,11.4460,-0.1858,27.9545
C1,Mar 04 2003 12:00:00:000AM,3/4/2003,S,0.2070,21.9558,12.3074,-0.2663,27.3667
C1,Mar 04 2003 12:00:00:000AM,3/4/2003,S,0.2070,21.9558,12.3074,-0.2663,27.3667
C1,Mar 18 2003 12:00:00:000AM,3/18/2003,S,,21.6175,12.2847,1.9959,27.0613
C1,Mar 18 2003 12:00:00:000AM,3/18/2003,S,,21.6175,12.2847,1.9959,27.0613
C1,Apr 01 2003 12:00:00:000AM,4/1/2003,S,0.2020,20.9176,10.7399,4.4596,26.4044
C1,Apr 01 2003 12:00:00:000AM,4/1/2003,S,0.2020,20.9176,10.7399,4.4596,26.4044
C1,May 05 2003 12:00:00:000AM,5/5/2003,S,,19.3543,8.6646,10.4614,25.3435
C1,May 05 2003 12:00:00:000AM,5/5/2003,S,,19.3543,8.6646,10.4614,25.3435
C1,Jun 03 2003 12:00:00:000AM,6/3/2003,S,0.9390,18.3542,10.5013,13.8768,24.8122
C1,Jun 03 2003 12:00:00:000AM,6/3/2003,S,0.9390,18.3542,10.5013,13.8768,24.8122
C1,Jul 07 2003 12:00:00:000AM,7/7/2003,S,0.3470,16.4531,8.5488,16.5855,24.6969
C1,Jul 07 2003 12:00:00:000AM,7/7/2003,S,0.3470,16.4531,8.5488,16.5855,24.6969
C1,Jul 24 2003 12:00:00:000AM,7/24/2003,S,,17.8911,8.4723,21.8418,25.8039
C1,Jul 24 2003 12:00:00:000AM,7/24/2003,S,,17.8911,8.4723,21.8418,25.8039
C1,Aug 04 2003 12:00:00:000AM,8/4/2003,S,0.3860,17.3376,8.3016,19.4871,26.0362
C1,Aug 04 2003 12:00:00:000AM,8/4/2003,S,0.3860,17.3376,8.3016,19.4871,26.0362
C1,Aug 19 2003 12:00:00:000AM,8/19/2003,S,,17.0563,,22.3223,26.1032
C1,Aug 19 2003 12:00:00:000AM,8/19/2003,S,,17.0563,,22.3223,26.1032
C1,Apr 02 2002 12:00:00:000AM,4/2/2002,S,0.6500,,6.7897,23.5290,
C1,Apr 02 2002 12:00:00:000AM,4/2/2002,S,0.6500,,6.7897,23.5290,
C1,Oct 06 2003 12:00:00:000AM,10/6/2003,S,0.9770,19.1416,7.2782,,27.2943
C1,Oct 06 2003 12:00:00:000AM,10/6/2003,S,0.9770,19.1416,7.2782,,27.2943
C1,Nov 03 2003 12:00:00:000AM,11/3/2003,S,0.8300,19.6778,8.6429,19.0089,26.8163
C1,Nov 03 2003 12:00:00:000AM,11/3/2003,S,0.8300,19.6778,8.6429,19.0089,26.8163
C1,Dec 08 2003 12:00:00:000AM,12/8/2003,S,0.6150,20.9160,13.3656,14.9819,26.7402
C1,Dec 08 2003 12:00:00:000AM,12/8/2003,S,0.6150,20.9160,13.3656,14.9819,26.7402
C1,Feb 02 2004 12:00:00:000AM,2/2/2004,S,1.4350,21.1545,13.5510,7.0372,26.3657
C1,Feb 02 2004 12:00:00:000AM,2/2/2004,S,1.4350,21.1545,13.5510,7.0372,26.3657
C1,Mar 01 2004 12:00:00:000AM,3/1/2004,S,0.3750,20.7251,10.9249,-0.5851,25.9513
C1,Mar 01 2004 12:00:00:000AM,3/1/2004,S,0.3750,20.7251,10.9249,-0.5851,25.9513
C1,Apr 07 2004 12:00:00:000AM,4/7/2004,S,0.4270,20.5722,9.4072,2.0880,26.0943
C1,Apr 07 2004 12:00:00:000AM,4/7/2004,S,0.4270,20.5722,9.4072,2.0880,26.0943
C1,May 05 2004 12:00:00:000AM,5/5/2004,S,0.4608,19.8479,8.2536,5.5330,25.7870
C1,May 05 2004 12:00:00:000AM,5/5/2004,S,0.4608,19.8479,8.2536,5.5330,25.7870
C1,Jun 01 2004 12:00:00:000AM,6/1/2004,S,0.8530,18.3578,8.9176,9.4715,25.6084
C1,Jun 01 2004 12:00:00:000AM,6/1/2004,S,0.8530,18.3578,8.9176,9.4715,25.6084
C1,Jun 28 2004 12:00:00:000AM,6/28/2004,S,,18.2226,8.1604,16.8385,25.9706
C1,Jun 28 2004 12:00:00:000AM,6/28/2004,S,,18.2226,8.1604,16.8385,25.9706
C1,Jul 06 2004 12:00:00:000AM,7/6/2004,S,0.4400,18.1737,8.7054,18.6380,26.2889
C1,Jul 06 2004 12:00:00:000AM,7/6/2004,S,0.4400,18.1737,8.7054,18.6380,26.2889
C1,Jul 19 2004 12:00:00:000AM,7/19/2004,S,,17.9968,13.1732,19.8359,26.4693
C1,Jul 19 2004 12:00:00:000AM,7/19/2004,S,,17.9968,13.1732,19.8359,26.4693
C1,Aug 02 2004 12:00:00:000AM,8/2/2004,S,0.9542,16.9713,9.8315,21.0705,26.3080
C1,Aug 02 2004 12:00:00:000AM,8/2/2004,S,0.9542,16.9713,9.8315,21.0705,26.3080
C1,Aug 19 2004 12:00:00:000AM,8/19/2004,S,,17.6218,6.5002,24.3727,26.4578
C1,Aug 19 2004 12:00:00:000AM,8/19/2004,S,,17.6218,6.5002,24.3727,26.4578
C1,Aug 31 2004 12:00:00:000AM,8/31/2004,S,0.3995,17.7533,,22.4498,26.8344
C1,Aug 31 2004 12:00:00:000AM,8/31/2004,S,0.3995,17.7533,,22.4498,26.8344
C1,Mar 18 2003 12:00:00:000AM,3/18/2003,S,0.6980,,,23.0078,
C1,Mar 18 2003 12:00:00:000AM,3/18/2003,S,0.6980,,,23.0078,
C1,Apr 01 2003 12:00:00:000AM,4/1/2003,S,0.7170,,9.3328,,
C1,Apr 01 2003 12:00:00:000AM,4/1/2003,S,0.7170,,9.3328,,
C1,Jan 10 2005 12:00:00:000AM,1/10/2005,S,1.1300,20.9607,,,26.4474
C1,Jan 10 2005 12:00:00:000AM,1/10/2005,S,1.1300,20.9607,,,26.4474
C1,Jun 03 2003 12:00:00:000AM,6/3/2003,S,0.5220,,10.6359,4.3553,
C1,Jun 03 2003 12:00:00:000AM,6/3/2003,S,0.5220,,10.6359,4.3553,
C1,Mar 07 2005 12:00:00:000AM,3/7/2005,S,1.4370,20.8885,11.2447,,26.0954
C1,Mar 07 2005 12:00:00:000AM,3/7/2005,S,1.4370,20.8885,11.2447,,26.0954
C1,Apr 05 2005 12:00:00:000AM,4/5/2005,S,0.3750,19.2867,8.3673,1.0762,24.4514
C1,Apr 05 2005 12:00:00:000AM,4/5/2005,S,0.3750,19.2867,8.3673,1.0762,24.4514
C1,May 05 2005 12:00:00:000AM,5/5/2005,S,0.8300,19.3461,7.9808,5.4158,25.1479
C1,May 05 2005 12:00:00:000AM,5/5/2005,S,0.8300,19.3461,7.9808,5.4158,25.1479
C1,Jun 06 2005 12:00:00:000AM,6/6/2005,S,0.5510,16.9318,8.6796,9.4974,24.4750
C1,Jun 06 2005 12:00:00:000AM,6/6/2005,S,0.5510,16.9318,8.6796,9.4974,24.4750
C1,Jul 07 2005 12:00:00:000AM,7/7/2005,S,0.3710,17.1748,10.5471,19.2776,25.3746
C1,Jul 07 2005 12:00:00:000AM,7/7/2005,S,0.3710,17.1748,10.5471,19.2776,25.3746
C1,Jul 18 2005 12:00:00:000AM,7/18/2005,S,,15.5650,8.7413,21.0416,24.9776
C1,Jul 18 2005 12:00:00:000AM,7/18/2005,S,,15.5650,8.7413,21.0416,24.9776
C1,Aug 02 2005 12:00:00:000AM,8/2/2005,S,0.1220,16.1233,6.9619,25.7620,25.3444
C1,Aug 02 2005 12:00:00:000AM,8/2/2005,S,0.1220,16.1233,6.9619,25.7620,25.3444
C1,Aug 16 2005 12:00:00:000AM,8/16/2005,S,,16.5137,7.3099,24.7976,25.6926
C1,Aug 16 2005 12:00:00:000AM,8/16/2005,S,,16.5137,7.3099,24.7976,25.6926
C1,Aug 29 2005 12:00:00:000AM,8/29/2005,S,0.2740,16.8905,6.9540,24.3524,25.9934
C1,Aug 29 2005 12:00:00:000AM,8/29/2005,S,0.2740,16.8905,6.9540,24.3524,25.9934
C1,Sep 15 2005 12:00:00:000AM,9/15/2005,S,0.4380,17.5460,7.2653,23.8244,26.5748
C1,Sep 15 2005 12:00:00:000AM,9/15/2005,S,0.4380,17.5460,7.2653,23.8244,26.5748
C1,Oct 06 2005 12:00:00:000AM,10/6/2005,S,1.0100,19.4368,8.4864,23.0488,27.4691
C1,Oct 06 2005 12:00:00:000AM,10/6/2005,S,1.0100,19.4368,8.4864,23.0488,27.4691
C1,Nov 14 2005 12:00:00:000AM,11/14/2005,S,0.7460,20.6163,9.7568,18.3339,27.5064
C1,Nov 14 2005 12:00:00:000AM,11/14/2005,S,0.7460,20.6163,9.7568,18.3339,27.5064
C1,Dec 05 2005 12:00:00:000AM,12/5/2005,S,0.6300,21.1115,11.6705,12.8935,26.9695
C1,Dec 05 2005 12:00:00:000AM,12/5/2005,S,0.6300,21.1115,11.6705,12.8935,26.9695
C1,Mar 06 2006 12:00:00:000AM,3/6/2006,S,0.2890,21.1459,,6.9087,26.5157
C1,Mar 06 2006 12:00:00:000AM,3/6/2006,S,0.2890,21.1459,,6.9087,26.5157
C1,Jun 28 2004 12:00:00:000AM,6/28/2004,S,0.6625,,8.6603,2.5968,
C1,Jun 28 2004 12:00:00:000AM,6/28/2004,S,0.6625,,8.6603,2.5968,
C1,Jun 06 2006 12:00:00:000AM,6/6/2006,S,0.3770,17.6377,10.2108,12.0588,24.7147
C1,Jun 06 2006 12:00:00:000AM,6/6/2006,S,0.3770,17.6377,10.2108,12.0588,24.7147
C1,Jun 23 2006 12:00:00:000AM,6/23/2006,S,,17.1266,,17.0067,24.8739
C1,Jun 23 2006 12:00:00:000AM,6/23/2006,S,,17.1266,,17.0067,24.8739
C1,Jul 19 2004 12:00:00:000AM,7/19/2004,S,0.2962,,11.1552,19.7232,
C1,Jul 19 2004 12:00:00:000AM,7/19/2004,S,0.2962,,11.1552,19.7232,
C1,Jul 18 2006 12:00:00:000AM,7/18/2006,S,,16.5933,,20.9473,25.0765
C1,Jul 18 2006 12:00:00:000AM,7/18/2006,S,,16.5933,,20.9473,25.0765
C1,Aug 02 2004 12:00:00:000AM,8/2/2004,S,0.2915,,8.7750,22.3928,
C1,Aug 02 2004 12:00:00:000AM,8/2/2004,S,0.2915,,8.7750,22.3928,
C1,Aug 16 2006 12:00:00:000AM,8/16/2006,S,,17.0443,5.5240,,26.1615
C1,Aug 16 2006 12:00:00:000AM,8/16/2006,S,,17.0443,5.5240,,26.1615
C1,Aug 29 2006 12:00:00:000AM,8/29/2006,S,0.3402,17.8965,,23.7284,26.5427
C1,Aug 29 2006 12:00:00:000AM,8/29/2006,S,0.3402,17.8965,,23.7284,26.5427
C1,Aug 31 2004 12:00:00:000AM,8/31/2004,S,0.5602,,8.0243,21.6652,
C1,Aug 31 2004 12:00:00:000AM,8/31/2004,S,0.5602,,8.0243,21.6652,
C1,Nov 06 2006 12:00:00:000AM,11/6/2006,S,0.5070,19.8945,10.2360,,26.6880
C1,Nov 06 2006 12:00:00:000AM,11/6/2006,S,0.5070,19.8945,10.2360,,26.6880
C1,Dec 11 2006 12:00:00:000AM,12/11/2006,S,0.4055,19.8555,9.8787,13.3754,25.5795
C1,Dec 11 2006 12:00:00:000AM,12/11/2006,S,0.4055,19.8555,9.8787,13.3754,25.5795
C1,Jan 11 2007 12:00:00:000AM,1/11/2007,S,0.4800,20.4630,9.7491,8.2412,25.9917
C1,Jan 11 2007 12:00:00:000AM,1/11/2007,S,0.4800,20.4630,9.7491,8.2412,25.9917
C1,Feb 01 2007 12:00:00:000AM,2/1/2007,S,0.5253,21.1821,12.9637,5.8130,26.5563
C1,Feb 01 2007 12:00:00:000AM,2/1/2007,S,0.5253,21.1821,12.9637,5.8130,26.5563
C1,Mar 01 2007 12:00:00:000AM,3/1/2007,S,0.6982,21.1385,13.0145,2.5351,26.4348
C1,Mar 01 2007 12:00:00:000AM,3/1/2007,S,0.6982,21.1385,13.0145,2.5351,26.4348
C1,Mar 19 2007 12:00:00:000AM,3/19/2007,S,,21.2434,11.8524,1.5692,26.5631
C1,Mar 19 2007 12:00:00:000AM,3/19/2007,S,,21.2434,11.8524,1.5692,26.5631
C1,Apr 02 2007 12:00:00:000AM,4/2/2007,S,0.1705,20.5811,12.2882,1.5249,26.0859
C1,Apr 02 2007 12:00:00:000AM,4/2/2007,S,0.1705,20.5811,12.2882,1.5249,26.0859
C1,May 07 2007 12:00:00:000AM,5/7/2007,S,0.6008,18.4759,8.9197,5.3760,24.3894
C1,May 07 2007 12:00:00:000AM,5/7/2007,S,0.6008,18.4759,8.9197,5.3760,24.3894
C1,Jun 05 2007 12:00:00:000AM,6/5/2007,S,0.8307,18.3546,9.7348,11.3314,25.3164
C1,Jun 05 2007 12:00:00:000AM,6/5/2007,S,0.8307,18.3546,9.7348,11.3314,25.3164
C1,Jun 21 2007 12:00:00:000AM,6/21/2007,S,,17.5756,9.2984,15.8132,25.0999
C1,Jun 21 2007 12:00:00:000AM,6/21/2007,S,,17.5756,9.2984,15.8132,25.0999
C1,Jul 09 2007 12:00:00:000AM,7/9/2007,S,0.3623,17.6680,7.8518,18.5700,26.0908
C1,Jul 09 2007 12:00:00:000AM,7/9/2007,S,0.3623,17.6680,7.8518,18.5700,26.0908
C1,Jul 19 2007 12:00:00:000AM,7/19/2007,S,,18.0999,9.7081,21.2322,26.6811
C1,Jul 19 2007 12:00:00:000AM,7/19/2007,S,,18.0999,9.7081,21.2322,26.6811
C1,Jul 30 2007 12:00:00:000AM,7/30/2007,S,0.7222,16.9593,6.7847,21.2907,26.2283
C1,Jul 30 2007 12:00:00:000AM,7/30/2007,S,0.7222,16.9593,6.7847,21.2907,26.2283
C1,Aug 13 2007 12:00:00:000AM,8/13/2007,S,,18.0997,11.0860,24.2052,27.1496
C1,Aug 13 2007 12:00:00:000AM,8/13/2007,S,,18.0997,11.0860,24.2052,27.1496
C1,Aug 28 2007 12:00:00:000AM,8/28/2007,S,0.7947,17.6155,6.4107,22.6148,26.7581
C1,Aug 28 2007 12:00:00:000AM,8/28/2007,S,0.7947,17.6155,6.4107,22.6148,26.7581
C1,Sep 10 2007 12:00:00:000AM,9/10/2007,S,,18.2128,6.5037,23.2965,27.3587
C1,Sep 10 2007 12:00:00:000AM,9/10/2007,S,,18.2128,6.5037,23.2965,27.3587
C1,Oct 02 2007 12:00:00:000AM,10/2/2007,S,0.4620,19.0335,7.9434,22.7786,27.8712
C1,Oct 02 2007 12:00:00:000AM,10/2/2007,S,0.4620,19.0335,7.9434,22.7786,27.8712
C1,Nov 08 2007 12:00:00:000AM,11/8/2007,S,0.6130,21.1763,9.0318,21.1710,28.5671
C1,Nov 08 2007 12:00:00:000AM,11/8/2007,S,0.6130,21.1763,9.0318,21.1710,28.5671
C1,Dec 05 2007 12:00:00:000AM,12/5/2007,S,0.5290,22.2963,10.7590,14.2328,28.8633
C1,Dec 05 2007 12:00:00:000AM,12/5/2007,S,0.5290,22.2963,10.7590,14.2328,28.8633
C1,Jan 07 2008 12:00:00:000AM,1/7/2008,S,0.6230,21.9139,12.3753,9.1448,27.6807
C1,Jan 07 2008 12:00:00:000AM,1/7/2008,S,0.6230,21.9139,12.3753,9.1448,27.6807
C1,Feb 04 2008 12:00:00:000AM,2/4/2008,S,1.4150,21.8511,12.3336,4.6257,27.4509
C1,Feb 04 2008 12:00:00:000AM,2/4/2008,S,1.4150,21.8511,12.3336,4.6257,27.4509
C1,Mar 03 2008 12:00:00:000AM,3/3/2008,S,0.4180,21.0072,10.6560,3.1844,26.3524
C1,Mar 03 2008 12:00:00:000AM,3/3/2008,S,0.4180,21.0072,10.6560,3.1844,26.3524
C1,Mar 18 2008 12:00:00:000AM,3/18/2008,S,,20.5870,11.0161,2.7286,25.9686
C1,Mar 18 2008 12:00:00:000AM,3/18/2008,S,,20.5870,11.0161,2.7286,25.9686
C1,Apr 03 2008 12:00:00:000AM,4/3/2008,S,0.7440,20.1908,9.7164,4.2866,25.6554
C1,Apr 03 2008 12:00:00:000AM,4/3/2008,S,0.7440,20.1908,9.7164,4.2866,25.6554
C1,May 05 2008 12:00:00:000AM,5/5/2008,S,0.6985,18.7524,12.4500,5.8806,24.8585
C1,May 05 2008 12:00:00:000AM,5/5/2008,S,0.6985,18.7524,12.4500,5.8806,24.8585
C1,Jun 02 2008 12:00:00:000AM,6/2/2008,S,0.2790,17.5444,9.0039,11.8556,24.5438
C1,Jun 02 2008 12:00:00:000AM,6/2/2008,S,0.2790,17.5444,9.0039,11.8556,24.5438
C1,Jun 17 2008 12:00:00:000AM,6/17/2008,S,,17.7265,9.3447,16.8363,25.5686
C1,Jun 17 2008 12:00:00:000AM,6/17/2008,S,,17.7265,9.3447,16.8363,25.5686
C1,Jun 30 2008 12:00:00:000AM,6/30/2008,S,0.3390,17.8590,6.1250,19.4288,26.1649
C1,Jun 30 2008 12:00:00:000AM,6/30/2008,S,0.3390,17.8590,6.1250,19.4288,26.1649
C1,Jul 21 2008 12:00:00:000AM,7/21/2008,S,,17.8554,6.6918,20.7101,26.5681
C1,Jul 21 2008 12:00:00:000AM,7/21/2008,S,,17.8554,6.6918,20.7101,26.5681
C1,Aug 05 2008 12:00:00:000AM,8/5/2008,S,0.3560,17.8436,6.9736,21.8920,26.7371
C1,Aug 05 2008 12:00:00:000AM,8/5/2008,S,0.3560,17.8436,6.9736,21.8920,26.7371
C1,Aug 20 2008 12:00:00:000AM,8/20/2008,S,,17.7171,6.5887,22.4107,26.4558
C1,Aug 20 2008 12:00:00:000AM,8/20/2008,S,,17.7171,6.5887,22.4107,26.4558
C1,Sep 03 2008 12:00:00:000AM,9/3/2008,S,0.9480,17.6146,6.0064,22.0909,26.6926
C1,Sep 03 2008 12:00:00:000AM,9/3/2008,S,0.9480,17.6146,6.0064,22.0909,26.6926
C1,Sep 16 2008 12:00:00:000AM,9/16/2008,S,,17.8596,6.7771,23.1219,26.6973
C1,Sep 16 2008 12:00:00:000AM,9/16/2008,S,,17.8596,6.7771,23.1219,26.6973
C1,Oct 06 2008 12:00:00:000AM,10/6/2008,S,0.7710,19.0510,7.8780,22.2402,27.1108
C1,Oct 06 2008 12:00:00:000AM,10/6/2008,S,0.7710,19.0510,7.8780,22.2402,27.1108
C1,Nov 05 2008 12:00:00:000AM,11/5/2008,S,0.6050,20.0922,9.4374,18.8058,27.1226
C1,Nov 05 2008 12:00:00:000AM,11/5/2008,S,0.6050,20.0922,9.4374,18.8058,27.1226
C1,Nov 26 2008 12:00:00:000AM,11/26/2008,S,0.5690,20.9357,,14.0889,26.6973
C1,Nov 26 2008 12:00:00:000AM,11/26/2008,S,0.5690,20.9357,,14.0889,26.6973
C1,Apr 02 2007 12:00:00:000AM,4/2/2007,S,0.7320,,9.9749,6.5791,
C1,Apr 02 2007 12:00:00:000AM,4/2/2007,S,0.7320,,9.9749,6.5791,
C1,Feb 02 2009 12:00:00:000AM,2/2/2009,S,0.3930,21.0834,11.5110,,26.3210
C1,Feb 02 2009 12:00:00:000AM,2/2/2009,S,0.3930,21.0834,11.5110,,26.3210
C1,Feb 17 2009 12:00:00:000AM,2/17/2009,S,,20.9900,11.0231,0.7200,26.2594
C1,Feb 17 2009 12:00:00:000AM,2/17/2009,S,,20.9900,11.0231,0.7200,26.2594
C1,Mar 04 2009 12:00:00:000AM,3/4/2009,S,0.5800,21.2133,11.4830,1.7324,26.5354
C1,Mar 04 2009 12:00:00:000AM,3/4/2009,S,0.5800,21.2133,11.4830,1.7324,26.5354
C1,Mar 16 2009 12:00:00:000AM,3/16/2009,S,,21.0891,,1.6871,26.4716
C1,Mar 16 2009 12:00:00:000AM,3/16/2009,S,,21.0891,,1.6871,26.4716
C1,Jun 21 2007 12:00:00:000AM,6/21/2007,S,0.1930,,11.6748,2.9299,
C1,Jun 21 2007 12:00:00:000AM,6/21/2007,S,0.1930,,11.6748,2.9299,
C1,Apr 29 2009 12:00:00:000AM,4/29/2009,S,0.5420,19.2904,11.0554,,25.5307
C1,Apr 29 2009 12:00:00:000AM,4/29/2009,S,0.5420,19.2904,11.0554,,25.5307
C1,Jun 04 2009 12:00:00:000AM,6/4/2009,S,0.6690,18.2419,9.3495,11.7512,25.4351
C1,Jun 04 2009 12:00:00:000AM,6/4/2009,S,0.6690,18.2419,9.3495,11.7512,25.4351
C1,Jun 23 2009 12:00:00:000AM,6/23/2009,S,,17.0861,9.9528,16.7631,24.3136
C1,Jun 23 2009 12:00:00:000AM,6/23/2009,S,,17.0861,9.9528,16.7631,24.3136
C1,Jul 07 2009 12:00:00:000AM,7/7/2009,S,0.3620,16.4347,7.5470,18.0991,24.4828
C1,Jul 07 2009 12:00:00:000AM,7/7/2009,S,0.3620,16.4347,7.5470,18.0991,24.4828
C1,Jul 20 2009 12:00:00:000AM,7/20/2009,S,,17.4453,9.2924,21.2921,25.7758
C1,Jul 20 2009 12:00:00:000AM,7/20/2009,S,,17.4453,9.2924,21.2921,25.7758
C1,Aug 03 2009 12:00:00:000AM,8/3/2009,S,0.3310,16.3198,5.2347,21.1707,25.1692
C1,Aug 03 2009 12:00:00:000AM,8/3/2009,S,0.3310,16.3198,5.2347,21.1707,25.1692
C1,Aug 10 2009 12:00:00:000AM,8/10/2009,S,,17.1665,8.3545,23.6445,25.4765
C1,Aug 10 2009 12:00:00:000AM,8/10/2009,S,,17.1665,8.3545,23.6445,25.4765
C1,Aug 11 2009 12:00:00:000AM,8/11/2009,S,0.4830,16.2652,7.1162,21.3710,25.3665
C1,Aug 11 2009 12:00:00:000AM,8/11/2009,S,0.4830,16.2652,7.1162,21.3710,25.3665
C1,Aug 12 2009 12:00:00:000AM,8/12/2009,S,0.3930,16.9349,5.5447,22.0273,25.5638
C1,Aug 12 2009 12:00:00:000AM,8/12/2009,S,0.3930,16.9349,5.5447,22.0273,25.5638
C1,Aug 13 2009 12:00:00:000AM,8/13/2009,S,0.3800,17.3117,9.5366,22.8933,25.5960
C1,Aug 13 2009 12:00:00:000AM,8/13/2009,S,0.3800,17.3117,9.5366,22.8933,25.5960
C1,Aug 18 2009 12:00:00:000AM,8/18/2009,S,,16.2575,6.1181,21.7816,25.4053
C1,Aug 18 2009 12:00:00:000AM,8/18/2009,S,,16.2575,6.1181,21.7816,25.4053
C1,Sep 02 2009 12:00:00:000AM,9/2/2009,S,0.3930,17.4540,7.9212,24.4918,26.0501
C1,Sep 02 2009 12:00:00:000AM,9/2/2009,S,0.3930,17.4540,7.9212,24.4918,26.0501
C1,Oct 05 2009 12:00:00:000AM,10/5/2009,S,0.6940,18.4703,7.6869,21.9275,26.4882
C1,Oct 05 2009 12:00:00:000AM,10/5/2009,S,0.6940,18.4703,7.6869,21.9275,26.4882
C1,Nov 03 2009 12:00:00:000AM,11/3/2009,S,0.7170,19.6549,,19.2466,26.5503
C1,Nov 03 2009 12:00:00:000AM,11/3/2009,S,0.7170,19.6549,,19.2466,26.5503
C1,Apr 03 2008 12:00:00:000AM,4/3/2008,S,0.5780,,8.4003,14.0716,
C1,Apr 03 2008 12:00:00:000AM,4/3/2008,S,0.5780,,8.4003,14.0716,
C1,Jan 05 2010 12:00:00:000AM,1/5/2010,S,0.4650,21.0863,12.8084,,26.4374
C1,Jan 05 2010 12:00:00:000AM,1/5/2010,S,0.4650,21.0863,12.8084,,26.4374
C1,Feb 05 2010 12:00:00:000AM,2/5/2010,S,1.8450,21.1259,11.0299,2.5503,26.3942
C1,Feb 05 2010 12:00:00:000AM,2/5/2010,S,1.8450,21.1259,11.0299,2.5503,26.3942
C1,Mar 02 2010 12:00:00:000AM,3/2/2010,S,0.2510,20.8408,10.3404,1.1321,26.0933
C1,Mar 02 2010 12:00:00:000AM,3/2/2010,S,0.2510,20.8408,10.3404,1.1321,26.0933
C1,Mar 31 2010 12:00:00:000AM,3/31/2010,S,0.4880,19.1336,10.6014,2.0469,24.3003
C1,Mar 31 2010 12:00:00:000AM,3/31/2010,S,0.4880,19.1336,10.6014,2.0469,24.3003
C1,May 03 2010 12:00:00:000AM,5/3/2010,S,0.7560,18.2835,10.1182,5.7700,24.3475
C1,May 03 2010 12:00:00:000AM,5/3/2010,S,0.7560,18.2835,10.1182,5.7700,24.3475
C1,May 27 2010 12:00:00:000AM,5/27/2010,S,0.2690,18.1218,6.7800,12.2870,25.0995
C1,May 27 2010 12:00:00:000AM,5/27/2010,S,0.2690,18.1218,6.7800,12.2870,25.0995
C1,Jun 18 2010 12:00:00:000AM,6/18/2010,S,,18.3554,12.9099,16.1290,25.6227
C1,Jun 18 2010 12:00:00:000AM,6/18/2010,S,,18.3554,12.9099,16.1290,25.6227
C1,Jul 08 2010 12:00:00:000AM,7/8/2010,S,0.2530,17.2120,7.4806,16.8994,25.9807
C1,Jul 08 2010 12:00:00:000AM,7/8/2010,S,0.2530,17.2120,7.4806,16.8994,25.9807
C1,Aug 03 2010 12:00:00:000AM,8/3/2010,S,0.2670,17.7289,9.4757,22.6311,26.9845
C1,Aug 03 2010 12:00:00:000AM,8/3/2010,S,0.2670,17.7289,9.4757,22.6311,26.9845
C1,Aug 17 2010 12:00:00:000AM,8/17/2010,S,,18.0246,9.7954,23.5017,27.5043
C1,Aug 17 2010 12:00:00:000AM,8/17/2010,S,,18.0246,9.7954,23.5017,27.5043
C1,Aug 31 2010 12:00:00:000AM,8/31/2010,S,0.4400,17.9713,7.4484,23.8428,27.5334
C1,Aug 31 2010 12:00:00:000AM,8/31/2010,S,0.4400,17.9713,7.4484,23.8428,27.5334
C1,Oct 06 2010 12:00:00:000AM,10/6/2010,S,0.4990,19.3544,7.7942,24.1062,27.4438
C1,Oct 06 2010 12:00:00:000AM,10/6/2010,S,0.4990,19.3544,7.7942,24.1062,27.4438
C1,Nov 01 2010 12:00:00:000AM,11/1/2010,S,0.3150,20.7627,8.8435,18.5989,28.3526
C1,Nov 01 2010 12:00:00:000AM,11/1/2010,S,0.3150,20.7627,8.8435,18.5989,28.3526
C1,Nov 29 2010 12:00:00:000AM,11/29/2010,S,0.4310,21.4841,,15.4390,28.0559
C1,Nov 29 2010 12:00:00:000AM,11/29/2010,S,0.4310,21.4841,,15.4390,28.0559
C1,Jan 04 2011 12:00:00:000AM,1/4/2011,S,0.4480,22.2711,,10.3311,27.8847
C1,Jan 04 2011 12:00:00:000AM,1/4/2011,S,0.4480,22.2711,,10.3311,27.8847
C1,Jan 31 2011 12:00:00:000AM,1/31/2011,S,2.1910,21.1994,12.8826,2.0789,26.4571
C1,Jan 31 2011 12:00:00:000AM,1/31/2011,S,2.1910,21.1994,12.8826,2.0789,26.4571
C1,Feb 17 2011 12:00:00:000AM,2/17/2011,S,,22.0051,9.6119,0.5309,27.4948
C1,Feb 17 2011 12:00:00:000AM,2/17/2011,S,,22.0051,9.6119,0.5309,27.4948
C1,Mar 08 2011 12:00:00:000AM,3/8/2011,S,0.5380,21.5443,8.6943,1.2136,27.0193
C1,Mar 08 2011 12:00:00:000AM,3/8/2011,S,0.5380,21.5443,8.6943,1.2136,27.0193
C1,Apr 08 2011 12:00:00:000AM,4/8/2011,S,0.4680,20.0552,11.0398,2.6484,25.6385
C1,Apr 08 2011 12:00:00:000AM,4/8/2011,S,0.4680,20.0552,11.0398,2.6484,25.6385
C1,May 02 2011 12:00:00:000AM,5/2/2011,S,0.4660,18.6443,11.4767,6.9984,24.6271
C1,May 02 2011 12:00:00:000AM,5/2/2011,S,0.4660,18.6443,11.4767,6.9984,24.6271
C1,May 31 2011 12:00:00:000AM,5/31/2011,S,0.1820,15.3935,9.2056,11.4284,23.1093
C1,May 31 2011 12:00:00:000AM,5/31/2011,S,0.1820,15.3935,9.2056,11.4284,23.1093
C1,Jun 16 2011 12:00:00:000AM,6/16/2011,S,,17.3435,11.0017,21.2992,24.5556
C1,Jun 16 2011 12:00:00:000AM,6/16/2011,S,,17.3435,11.0017,21.2992,24.5556
C1,Jul 05 2011 12:00:00:000AM,7/5/2011,S,0.3120,15.7029,7.4398,17.7796,23.9181
C1,Jul 05 2011 12:00:00:000AM,7/5/2011,S,0.3120,15.7029,7.4398,17.7796,23.9181
C1,Jul 18 2011 12:00:00:000AM,7/18/2011,S,,16.7732,7.7895,22.4496,25.0042
C1,Jul 18 2011 12:00:00:000AM,7/18/2011,S,,16.7732,7.7895,22.4496,25.0042
C1,Aug 01 2011 12:00:00:000AM,8/1/2011,S,0.1940,16.2318,5.7896,21.5081,25.3307
C1,Aug 01 2011 12:00:00:000AM,8/1/2011,S,0.1940,16.2318,5.7896,21.5081,25.3307
C1,Aug 15 2011 12:00:00:000AM,8/15/2011,S,,17.0008,7.8948,24.3852,25.7010
C1,Aug 15 2011 12:00:00:000AM,8/15/2011,S,,17.0008,7.8948,24.3852,25.7010
C1,Aug 30 2011 12:00:00:000AM,8/30/2011,S,0.8550,17.6832,6.2424,22.6303,26.5756
C1,Aug 30 2011 12:00:00:000AM,8/30/2011,S,0.8550,17.6832,6.2424,22.6303,26.5756
C1,Oct 04 2011 12:00:00:000AM,10/4/2011,S,0.6170,16.9421,9.6465,22.5513,24.7538
C1,Oct 04 2011 12:00:00:000AM,10/4/2011,S,0.6170,16.9421,9.6465,22.5513,24.7538
C1,Nov 07 2011 12:00:00:000AM,11/7/2011,S,0.7170,18.1145,8.8609,20.1012,24.4021
C1,Nov 07 2011 12:00:00:000AM,11/7/2011,S,0.7170,18.1145,8.8609,20.1012,24.4021
C1,Nov 28 2011 12:00:00:000AM,11/28/2011,S,0.6550,18.7411,9.6669,13.4700,24.7872
C1,Nov 28 2011 12:00:00:000AM,11/28/2011,S,0.6550,18.7411,9.6669,13.4700,24.7872
C1,Jan 05 2012 12:00:00:000AM,1/5/2012,S,0.6020,20.0418,11.1536,11.5933,25.5608
C1,Jan 05 2012 12:00:00:000AM,1/5/2012,S,0.6020,20.0418,11.1536,11.5933,25.5608
C1,Feb 01 2012 12:00:00:000AM,2/1/2012,S,0.2780,19.9720,11.6396,6.5779,25.1994
C1,Feb 01 2012 12:00:00:000AM,2/1/2012,S,0.2780,19.9720,11.6396,6.5779,25.1994
C1,Feb 16 2012 12:00:00:000AM,2/16/2012,S,,20.2870,11.9129,4.3509,25.5611
C1,Feb 16 2012 12:00:00:000AM,2/16/2012,S,,20.2870,11.9129,4.3509,25.5611
C1,Mar 02 2012 12:00:00:000AM,3/2/2012,S,1.2850,20.4903,11.5167,4.0006,25.8968
C1,Mar 02 2012 12:00:00:000AM,3/2/2012,S,1.2850,20.4903,11.5167,4.0006,25.8968
C1,Mar 15 2012 12:00:00:000AM,3/15/2012,S,,20.1730,9.8625,4.7469,25.7270
C1,Mar 15 2012 12:00:00:000AM,3/15/2012,S,,20.1730,9.8625,4.7469,25.7270
C1,Apr 03 2012 12:00:00:000AM,4/3/2012,S,0.3750,20.0461,10.3161,6.5743,25.9175
C1,Apr 03 2012 12:00:00:000AM,4/3/2012,S,0.3750,20.0461,10.3161,6.5743,25.9175
C1,May 01 2012 12:00:00:000AM,5/1/2012,S,0.8400,19.8435,9.5078,8.7907,26.2064
C1,May 01 2012 12:00:00:000AM,5/1/2012,S,0.8400,19.8435,9.5078,8.7907,26.2064
C1,May 29 2012 12:00:00:000AM,5/29/2012,S,0.6520,17.2235,9.6146,11.5757,25.4398
C1,May 29 2012 12:00:00:000AM,5/29/2012,S,0.6520,17.2235,9.6146,11.5757,25.4398
C1,Jun 12 2012 12:00:00:000AM,6/12/2012,S,,17.6985,6.3246,21.0441,25.6050
C1,Jun 12 2012 12:00:00:000AM,6/12/2012,S,,17.6985,6.3246,21.0441,25.6050
C1,Jun 26 2012 12:00:00:000AM,6/26/2012,S,0.3150,18.2007,7.5605,19.6565,26.1662
C1,Jun 26 2012 12:00:00:000AM,6/26/2012,S,0.3150,18.2007,7.5605,19.6565,26.1662
C1,Jul 16 2012 12:00:00:000AM,7/16/2012,S,,17.0854,6.9348,19.3477,25.9721
C1,Jul 16 2012 12:00:00:000AM,7/16/2012,S,,17.0854,6.9348,19.3477,25.9721
C1,Jul 30 2012 12:00:00:000AM,7/30/2012,S,0.3140,17.8952,6.5221,23.0691,26.9434
C1,Jul 30 2012 12:00:00:000AM,7/30/2012,S,0.3140,17.8952,6.5221,23.0691,26.9434
C1,Aug 14 2012 12:00:00:000AM,8/14/2012,S,,17.6951,5.6988,22.7921,27.1687
C1,Aug 14 2012 12:00:00:000AM,8/14/2012,S,,17.6951,5.6988,22.7921,27.1687
C1,Aug 27 2012 12:00:00:000AM,8/27/2012,S,0.6300,18.1138,8.6258,24.1106,27.6172
C1,Aug 27 2012 12:00:00:000AM,8/27/2012,S,0.6300,18.1138,8.6258,24.1106,27.6172
C1,Sep 17 2012 12:00:00:000AM,9/17/2012,S,,18.5273,6.6362,23.8286,28.0004
C1,Sep 17 2012 12:00:00:000AM,9/17/2012,S,,18.5273,6.6362,23.8286,28.0004
C1,Oct 02 2012 12:00:00:000AM,10/2/2012,S,0.4580,19.0040,8.1239,23.3897,27.6141
C1,Oct 02 2012 12:00:00:000AM,10/2/2012,S,0.4580,19.0040,8.1239,23.3897,27.6141
C1,Nov 13 2012 12:00:00:000AM,11/13/2012,S,0.8120,21.2514,9.0090,20.5331,28.2091
C1,Nov 13 2012 12:00:00:000AM,11/13/2012,S,0.8120,21.2514,9.0090,20.5331,28.2091
C1,Dec 03 2012 12:00:00:000AM,12/3/2012,S,0.4200,21.8145,9.9798,12.3929,28.2431
C1,Dec 03 2012 12:00:00:000AM,12/3/2012,S,0.4200,21.8145,9.9798,12.3929,28.2431
C1,Jan 09 2013 12:00:00:000AM,1/9/2013,S,0.6920,22.1758,11.0675,9.1275,28.0653
C1,Jan 09 2013 12:00:00:000AM,1/9/2013,S,0.6920,22.1758,11.0675,9.1275,28.0653
C1,Jan 28 2013 12:00:00:000AM,1/28/2013,S,0.4930,21.9059,12.6960,5.0692,27.4565
C1,Jan 28 2013 12:00:00:000AM,1/28/2013,S,0.4930,21.9059,12.6960,5.0692,27.4565
C1,Feb 14 2013 12:00:00:000AM,2/14/2013,S,,22.1590,11.5231,2.4509,27.7721
C1,Feb 14 2013 12:00:00:000AM,2/14/2013,S,,22.1590,11.5231,2.4509,27.7721
C1,Mar 05 2013 12:00:00:000AM,3/5/2013,S,0.2977,21.7603,11.6393,2.4333,27.3283
C1,Mar 05 2013 12:00:00:000AM,3/5/2013,S,0.2977,21.7603,11.6393,2.4333,27.3283
C1,Apr 01 2013 12:00:00:000AM,4/1/2013,S,0.2840,21.4712,9.9469,3.0908,27.1282
C1,Apr 01 2013 12:00:00:000AM,4/1/2013,S,0.2840,21.4712,9.9469,3.0908,27.1282
C1,Apr 29 2013 12:00:00:000AM,4/29/2013,S,0.3150,20.2282,11.7695,4.6802,26.5744
C1,Apr 29 2013 12:00:00:000AM,4/29/2013,S,0.3150,20.2282,11.7695,4.6802,26.5744
C1,Jun 03 2013 12:00:00:000AM,6/3/2013,S,0.5970,19.0007,9.8246,10.9781,26.6125
C1,Jun 03 2013 12:00:00:000AM,6/3/2013,S,0.5970,19.0007,9.8246,10.9781,26.6125
C1,Jun 21 2013 12:00:00:000AM,6/21/2013,S,,17.5378,9.2488,17.3955,25.3967
C1,Jun 21 2013 12:00:00:000AM,6/21/2013,S,,17.5378,9.2488,17.3955,25.3967
C1,Jul 01 2013 12:00:00:000AM,7/1/2013,S,0.5710,17.3757,9.0629,19.6662,25.9752
C1,Jul 01 2013 12:00:00:000AM,7/1/2013,S,0.5710,17.3757,9.0629,19.6662,25.9752
C1,Jul 15 2013 12:00:00:000AM,7/15/2013,S,,17.2989,9.7373,22.0082,26.3720
C1,Jul 15 2013 12:00:00:000AM,7/15/2013,S,,17.2989,9.7373,22.0082,26.3720
C1,Jul 29 2013 12:00:00:000AM,7/29/2013,S,0.6130,17.1622,8.2833,23.3870,26.3277
C1,Jul 29 2013 12:00:00:000AM,7/29/2013,S,0.6130,17.1622,8.2833,23.3870,26.3277
C1,Aug 12 2013 12:00:00:000AM,8/12/2013,S,,17.6537,7.5811,23.7547,26.5519
C1,Aug 12 2013 12:00:00:000AM,8/12/2013,S,,17.6537,7.5811,23.7547,26.5519
C1,Aug 27 2013 12:00:00:000AM,8/27/2013,S,0.4570,17.6437,5.7189,22.5938,26.7618
C1,Aug 27 2013 12:00:00:000AM,8/27/2013,S,0.4570,17.6437,5.7189,22.5938,26.7618
C1,Sep 09 2013 12:00:00:000AM,9/9/2013,S,,18.3400,7.6744,23.2057,27.3681
C1,Sep 09 2013 12:00:00:000AM,9/9/2013,S,,18.3400,7.6744,23.2057,27.3681
C1,Oct 01 2013 12:00:00:000AM,10/1/2013,S,0.4240,19.2607,8.2053,22.0601,27.9063
C1,Oct 01 2013 12:00:00:000AM,10/1/2013,S,0.4240,19.2607,8.2053,22.0601,27.9063
C1,Nov 04 2013 12:00:00:000AM,11/4/2013,S,0.6970,20.7727,9.4722,20.3974,28.2176
C1,Nov 04 2013 12:00:00:000AM,11/4/2013,S,0.6970,20.7727,9.4722,20.3974,28.2176
C1,Dec 02 2013 12:00:00:000AM,12/2/2013,S,0.4870,21.9832,10.9715,14.8946,28.3887
C1,Dec 02 2013 12:00:00:000AM,12/2/2013,S,0.4870,21.9832,10.9715,14.8946,28.3887
C1,Jan 09 2014 12:00:00:000AM,1/9/2014,S,0.6230,22.4867,12.7123,8.7487,28.1950
C1,Jan 09 2014 12:00:00:000AM,1/9/2014,S,0.6230,22.4867,12.7123,8.7487,28.1950
C1,Feb 03 2014 12:00:00:000AM,2/3/2014,S,1.5540,22.1799,13.7887,2.5834,27.6749
C1,Feb 03 2014 12:00:00:000AM,2/3/2014,S,1.5540,22.1799,13.7887,2.5834,27.6749
C1,Feb 20 2014 12:00:00:000AM,2/20/2014,S,,21.9607,,0.5023,27.3992
C1,Feb 20 2014 12:00:00:000AM,2/20/2014,S,,21.9607,,0.5023,27.3992
C1,Mar 04 2014 12:00:00:000AM,3/4/2014,S,0.4150,21.9970,11.8607,0.4305,27.4386
C1,Mar 04 2014 12:00:00:000AM,3/4/2014,S,0.4150,21.9970,11.8607,0.4305,27.4386
C1,Apr 02 2014 12:00:00:000AM,4/2/2014,S,0.4060,21.6397,10.7749,0.2972,27.1379
C1,Apr 02 2014 12:00:00:000AM,4/2/2014,S,0.4060,21.6397,10.7749,0.2972,27.1379
C1,May 06 2014 12:00:00:000AM,5/6/2014,S,0.4570,19.6263,9.2382,2.6360,25.5797
C1,May 06 2014 12:00:00:000AM,5/6/2014,S,0.4570,19.6263,9.2382,2.6360,25.5797
C1,Jun 02 2014 12:00:00:000AM,6/2/2014,S,0.2620,18.1690,9.0422,9.8809,25.3175
C1,Jun 02 2014 12:00:00:000AM,6/2/2014,S,0.2620,18.1690,9.0422,9.8809,25.3175
C1,Jun 19 2014 12:00:00:000AM,6/19/2014,S,,17.4211,8.1291,16.6851,25.2005
C1,Jun 19 2014 12:00:00:000AM,6/19/2014,S,,17.4211,8.1291,16.6851,25.2005
C1,Jun 30 2014 12:00:00:000AM,6/30/2014,S,0.3730,17.5372,8.3682,19.5337,25.6287
C1,Jun 30 2014 12:00:00:000AM,6/30/2014,S,0.3730,17.5372,8.3682,19.5337,25.6287
C1,Jul 14 2014 12:00:00:000AM,7/14/2014,S,,17.8855,9.4735,20.3761,26.2525
C1,Jul 14 2014 12:00:00:000AM,7/14/2014,S,,17.8855,9.4735,20.3761,26.2525
C1,Aug 04 2014 12:00:00:000AM,8/4/2014,S,0.1990,17.2600,7.5290,20.8656,26.6206
C1,Aug 04 2014 12:00:00:000AM,8/4/2014,S,0.1990,17.2600,7.5290,20.8656,26.6206
C1,Aug 18 2014 12:00:00:000AM,8/18/2014,S,,17.8269,8.9586,24.1876,26.7182
C1,Aug 18 2014 12:00:00:000AM,8/18/2014,S,,17.8269,8.9586,24.1876,26.7182
C1,Sep 02 2014 12:00:00:000AM,9/2/2014,S,0.6130,17.3017,6.0287,22.4193,26.6114
C1,Sep 02 2014 12:00:00:000AM,9/2/2014,S,0.6130,17.3017,6.0287,22.4193,26.6114
C1,Sep 15 2014 12:00:00:000AM,9/15/2014,S,,18.4276,6.9991,24.0173,27.2933
C1,Sep 15 2014 12:00:00:000AM,9/15/2014,S,,18.4276,6.9991,24.0173,27.2933
C1,Sep 30 2014 12:00:00:000AM,9/30/2014,S,0.4400,18.7353,9.7016,21.8048,27.2233
C1,Sep 30 2014 12:00:00:000AM,9/30/2014,S,0.4400,18.7353,9.7016,21.8048,27.2233
C1,Nov 06 2014 12:00:00:000AM,11/6/2014,S,0.5470,20.7739,11.6211,20.4237,28.0285
C1,Nov 06 2014 12:00:00:000AM,11/6/2014,S,0.5470,20.7739,11.6211,20.4237,28.0285
C1,Dec 10 2014 12:00:00:000AM,12/10/2014,S,0.8270,21.6391,12.6201,14.1668,27.6529
C1,Dec 10 2014 12:00:00:000AM,12/10/2014,S,0.8270,21.6391,12.6201,14.1668,27.6529
C1,Jan 12 2015 12:00:00:000AM,1/12/2015,S,0.9750,21.7107,12.8512,6.9861,27.1685
C1,Jan 12 2015 12:00:00:000AM,1/12/2015,S,0.9750,21.7107,12.8512,6.9861,27.1685
C1,Feb 04 2015 12:00:00:000AM,2/4/2015,S,1.2040,21.8146,14.3858,1.8610,27.1979
C1,Feb 04 2015 12:00:00:000AM,2/4/2015,S,1.2040,21.8146,14.3858,1.8610,27.1979
C1,Mar 09 2015 12:00:00:000AM,3/9/2015,S,0.2890,21.8928,13.6452,-0.0764,27.2863
C1,Mar 09 2015 12:00:00:000AM,3/9/2015,S,0.2890,21.8928,13.6452,-0.0764,27.2863
C1,Mar 19 2015 12:00:00:000AM,3/19/2015,S,,21.7818,12.8472,-0.3387,27.1817
C1,Mar 19 2015 12:00:00:000AM,3/19/2015,S,,21.7818,12.8472,-0.3387,27.1817
C1,Mar 31 2015 12:00:00:000AM,3/31/2015,S,0.1330,21.6202,12.9180,0.5383,27.0643
C1,Mar 31 2015 12:00:00:000AM,3/31/2015,S,0.1330,21.6202,12.9180,0.5383,27.0643
C1,Apr 30 2015 12:00:00:000AM,4/30/2015,S,0.4180,20.2980,13.2049,1.9901,26.3280
C1,Apr 30 2015 12:00:00:000AM,4/30/2015,S,0.4180,20.2980,13.2049,1.9901,26.3280
C1,May 28 2015 12:00:00:000AM,5/28/2015,S,0.7080,18.7279,12.8497,9.2770,26.1036
C1,May 28 2015 12:00:00:000AM,5/28/2015,S,0.7080,18.7279,12.8497,9.2770,26.1036
C1,Jun 17 2015 12:00:00:000AM,6/17/2015,S,,18.6805,10.7211,16.8734,26.5971
C1,Jun 17 2015 12:00:00:000AM,6/17/2015,S,,18.6805,10.7211,16.8734,26.5971
C1,Jul 06 2015 12:00:00:000AM,7/6/2015,S,0.3790,17.6964,11.2801,18.7145,26.4595
C1,Jul 06 2015 12:00:00:000AM,7/6/2015,S,0.3790,17.6964,11.2801,18.7145,26.4595
C1,Jul 20 2015 12:00:00:000AM,7/20/2015,S,,17.4153,7.4477,22.1730,26.5121
C1,Jul 20 2015 12:00:00:000AM,7/20/2015,S,,17.4153,7.4477,22.1730,26.5121
C1,Aug 03 2015 12:00:00:000AM,8/3/2015,S,0.3460,18.1238,9.4403,23.3430,27.2195
C1,Aug 03 2015 12:00:00:000AM,8/3/2015,S,0.3460,18.1238,9.4403,23.3430,27.2195
C1,Aug 17 2015 12:00:00:000AM,8/17/2015,S,,17.8316,7.5791,22.7143,27.1510
C1,Aug 17 2015 12:00:00:000AM,8/17/2015,S,,17.8316,7.5791,22.7143,27.1510
C1,Aug 31 2015 12:00:00:000AM,8/31/2015,S,0.2950,17.9606,5.9514,23.5777,27.6075
C1,Aug 31 2015 12:00:00:000AM,8/31/2015,S,0.2950,17.9606,5.9514,23.5777,27.6075
C1,Sep 16 2015 12:00:00:000AM,9/16/2015,S,,18.5057,8.5251,24.3318,27.9374
C1,Sep 16 2015 12:00:00:000AM,9/16/2015,S,,18.5057,8.5251,24.3318,27.9374
C1,Oct 07 2015 12:00:00:000AM,10/7/2015,S,0.6580,19.7351,9.3669,23.2915,28.1171
C1,Oct 07 2015 12:00:00:000AM,10/7/2015,S,0.6580,19.7351,9.3669,23.2915,28.1171
C1,Nov 06 2015 12:00:00:000AM,11/6/2015,S,0.6190,20.7015,9.0144,19.1399,28.1837
C1,Nov 06 2015 12:00:00:000AM,11/6/2015,S,0.6190,20.7015,9.0144,19.1399,28.1837
C1,Nov 30 2015 12:00:00:000AM,11/30/2015,S,0.9100,21.6729,9.7688,15.1091,28.5083
C1,Nov 30 2015 12:00:00:000AM,11/30/2015,S,0.9100,21.6729,9.7688,15.1091,28.5083
C1,Jan 07 2016 12:00:00:000AM,1/7/2016,S,0.6970,22.0878,11.6491,11.3162,28.1360
C1,Jan 07 2016 12:00:00:000AM,1/7/2016,S,0.6970,22.0878,11.6491,11.3162,28.1360
C1,Feb 01 2016 12:00:00:000AM,2/1/2016,S,0.6480,22.3306,9.9053,6.4067,28.1077
C1,Feb 01 2016 12:00:00:000AM,2/1/2016,S,0.6480,22.3306,9.9053,6.4067,28.1077
C1,Feb 17 2016 12:00:00:000AM,2/17/2016,S,,22.3572,12.6812,3.7349,28.0112
C1,Feb 17 2016 12:00:00:000AM,2/17/2016,S,,22.3572,12.6812,3.7349,28.0112
C1,Mar 08 2016 12:00:00:000AM,3/8/2016,S,0.3110,21.7200,10.9946,2.3195,27.3968
C1,Mar 08 2016 12:00:00:000AM,3/8/2016,S,0.3110,21.7200,10.9946,2.3195,27.3968
C1,Mar 23 2016 12:00:00:000AM,3/23/2016,S,,21.5201,,4.2792,27.3561
C1,Mar 23 2016 12:00:00:000AM,3/23/2016,S,,21.5201,,4.2792,27.3561
C1,Jun 26 2012 12:00:00:000AM,6/26/2012,S,0.7030,,11.1329,5.9888,
C1,Jun 26 2012 12:00:00:000AM,6/26/2012,S,0.7030,,11.1329,5.9888,
C1,May 11 2016 12:00:00:000AM,5/11/2016,S,0.4140,19.3431,8.0056,,26.1896
C1,May 11 2016 12:00:00:000AM,5/11/2016,S,0.4140,19.3431,8.0056,,26.1896
C1,Jun 08 2016 12:00:00:000AM,6/8/2016,S,0.8420,20.0498,8.4495,14.2467,27.1167
C1,Jun 08 2016 12:00:00:000AM,6/8/2016,S,0.8420,20.0498,8.4495,14.2467,27.1167
C1,Jun 20 2016 12:00:00:000AM,6/20/2016,S,,18.8530,10.5206,14.2814,26.8459
C1,Jun 20 2016 12:00:00:000AM,6/20/2016,S,,18.8530,10.5206,14.2814,26.8459
C1,Jul 05 2016 12:00:00:000AM,7/5/2016,S,0.4920,18.2600,6.6293,18.7902,26.8788
C1,Jul 05 2016 12:00:00:000AM,7/5/2016,S,0.4920,18.2600,6.6293,18.7902,26.8788
C1,Aug 01 2016 12:00:00:000AM,8/1/2016,S,0.2270,18.6503,6.2094,21.2515,27.8904
C1,Aug 01 2016 12:00:00:000AM,8/1/2016,S,0.2270,18.6503,6.2094,21.2515,27.8904
C1,Aug 16 2016 12:00:00:000AM,8/16/2016,S,,17.9983,7.3288,22.6492,27.7493
C1,Aug 16 2016 12:00:00:000AM,8/16/2016,S,,17.9983,7.3288,22.6492,27.7493
C1,Aug 29 2016 12:00:00:000AM,8/29/2016,S,0.1550,18.4088,7.2080,24.5759,28.3084
C1,Aug 29 2016 12:00:00:000AM,8/29/2016,S,0.1550,18.4088,7.2080,24.5759,28.3084
C1,Sep 12 2016 12:00:00:000AM,9/12/2016,S,,18.8292,6.8316,24.6130,28.5291
C1,Sep 12 2016 12:00:00:000AM,9/12/2016,S,,18.8292,6.8316,24.6130,28.5291
C1,Oct 03 2016 12:00:00:000AM,10/3/2016,S,0.7950,19.8809,11.4937,23.7328,28.7299
C1,Oct 03 2016 12:00:00:000AM,10/3/2016,S,0.7950,19.8809,11.4937,23.7328,28.7299
C1,Nov 07 2016 12:00:00:000AM,11/7/2016,S,0.9650,21.4281,8.9163,20.4185,28.9556
C1,Nov 07 2016 12:00:00:000AM,11/7/2016,S,0.9650,21.4281,8.9163,20.4185,28.9556
C1,Nov 30 2016 12:00:00:000AM,11/30/2016,S,0.5180,22.2831,13.8254,14.4672,29.0007
C1,Nov 30 2016 12:00:00:000AM,11/30/2016,S,0.5180,22.2831,13.8254,14.4672,29.0007
C1,Jan 04 2017 12:00:00:000AM,1/4/2017,S,0.9110,22.8538,14.0996,9.9319,28.7157
C1,Jan 04 2017 12:00:00:000AM,1/4/2017,S,0.9110,22.8538,14.0996,9.9319,28.7157
C1,Feb 07 2017 12:00:00:000AM,2/7/2017,S,1.2600,22.6563,14.2016,3.2425,28.4817
C1,Feb 07 2017 12:00:00:000AM,2/7/2017,S,1.2600,22.6563,14.2016,3.2425,28.4817
C1,Feb 21 2017 12:00:00:000AM,2/21/2017,S,,22.6633,11.2463,3.3853,28.4855
C1,Feb 21 2017 12:00:00:000AM,2/21/2017,S,,22.6633,11.2463,3.3853,28.4855
C1,Mar 06 2017 12:00:00:000AM,3/6/2017,S,0.4330,22.4944,,3.3351,28.3274
C1,Mar 06 2017 12:00:00:000AM,3/6/2017,S,0.4330,22.4944,,3.3351,28.3274
C1,Mar 05 2013 12:00:00:000AM,3/5/2013,S,0.9900,,,3.8650,
C1,Mar 05 2013 12:00:00:000AM,3/5/2013,S,0.9900,,,3.8650,
C1,Apr 01 2013 12:00:00:000AM,4/1/2013,S,0.5610,,7.8639,,
C1,Apr 01 2013 12:00:00:000AM,4/1/2013,S,0.5610,,7.8639,,
C1,Jun 05 2017 12:00:00:000AM,6/5/2017,S,0.3110,19.0455,8.3561,,26.0967
C1,Jun 05 2017 12:00:00:000AM,6/5/2017,S,0.3110,19.0455,8.3561,,26.0967
C1,Jun 20 2017 12:00:00:000AM,6/20/2017,S,,17.3521,9.4645,15.3692,25.3676
C1,Jun 20 2017 12:00:00:000AM,6/20/2017,S,,17.3521,9.4645,15.3692,25.3676
C1,Jul 05 2017 12:00:00:000AM,7/5/2017,S,0.4900,17.8264,10.9346,20.3244,26.2802
C1,Jul 05 2017 12:00:00:000AM,7/5/2017,S,0.4900,17.8264,10.9346,20.3244,26.2802
C1,Jul 18 2017 12:00:00:000AM,7/18/2017,S,,16.8473,9.2079,21.1746,25.9819
C1,Jul 18 2017 12:00:00:000AM,7/18/2017,S,,16.8473,9.2079,21.1746,25.9819
C1,Jul 31 2017 12:00:00:000AM,7/31/2017,S,0.6780,17.2265,7.9794,23.9464,26.4126
C1,Jul 31 2017 12:00:00:000AM,7/31/2017,S,0.6780,17.2265,7.9794,23.9464,26.4126
C1,Aug 14 2017 12:00:00:000AM,8/14/2017,S,,17.1041,7.8619,23.7536,26.3128
C1,Aug 14 2017 12:00:00:000AM,8/14/2017,S,,17.1041,7.8619,23.7536,26.3128
C1,Aug 28 2017 12:00:00:000AM,8/28/2017,S,0.2420,17.7943,7.4275,23.9203,26.8236
C1,Aug 28 2017 12:00:00:000AM,8/28/2017,S,0.2420,17.7943,7.4275,23.9203,26.8236
C1,Oct 06 2017 12:00:00:000AM,10/6/2017,S,0.2640,18.3478,7.6326,22.8299,27.2081
C1,Oct 06 2017 12:00:00:000AM,10/6/2017,S,0.2640,18.3478,7.6326,22.8299,27.2081
C1,Nov 06 2017 12:00:00:000AM,11/6/2017,S,0.5310,20.3525,9.2611,21.8620,27.6612
C1,Nov 06 2017 12:00:00:000AM,11/6/2017,S,0.5310,20.3525,9.2611,21.8620,27.6612
C1,Nov 30 2017 12:00:00:000AM,11/30/2017,S,0.7200,20.8100,,14.8578,27.1545
C1,Nov 30 2017 12:00:00:000AM,11/30/2017,S,0.7200,20.8100,,14.8578,27.1545
,,,,,,,10.1577,
,,,,,,,10.1577,
